codDepartamento;departamento;codCiudad;Ciudad
05;ANTIOQUIA;05001;MEDELLIN
05;ANTIOQUIA;05002;ABEJORRAL
05;ANTIOQUIA;05004;ABRIAQUI
05;ANTIOQUIA;05021;ALEJANDRIA
05;ANTIOQUIA;05030;AMAGA
05;ANTIOQUIA;05031;AMALFI
05;ANTIOQUIA;05034;ANDES
05;ANTIOQUIA;05036;ANGELOPOLIS
05;ANTIOQUIA;05038;ANGOSTURA
05;ANTIOQUIA;05040;ANORI
05;ANTIOQUIA;05042;SANTAFE DE ANTIOQUIA
05;ANTIOQUIA;05044;ANZA
05;ANTIOQUIA;05045;APARTADO
05;ANTIOQUIA;05051;ARBOLETES
05;ANTIOQUIA;05055;ARGELIA
05;ANTIOQUIA;05059;ARMENIA
05;ANTIOQUIA;05079;BARBOSA
05;ANTIOQUIA;05086;BELMIRA
05;ANTIOQUIA;05088;BELLO
05;ANTIOQUIA;05091;BETANIA
05;ANTIOQUIA;05093;BETULIA
05;ANTIOQUIA;05101;CIUDAD BOLIVAR
05;ANTIOQUIA;05107;BRICEﾃ前
05;ANTIOQUIA;05113;BURITICA
05;ANTIOQUIA;05120;CACERES
05;ANTIOQUIA;05125;CAICEDO
05;ANTIOQUIA;05129;CALDAS
05;ANTIOQUIA;05134;CAMPAMENTO
05;ANTIOQUIA;05138;CAﾃ羨SGORDAS
05;ANTIOQUIA;05142;CARACOLI
05;ANTIOQUIA;05145;CARAMANTA
05;ANTIOQUIA;05147;CAREPA
05;ANTIOQUIA;05148;EL CARMEN DE VIBORAL
05;ANTIOQUIA;05150;CAROLINA
05;ANTIOQUIA;05154;CAUCASIA
05;ANTIOQUIA;05172;CHIGORODO
05;ANTIOQUIA;05190;CISNEROS
05;ANTIOQUIA;05197;COCORNA
05;ANTIOQUIA;05206;CONCEPCION
05;ANTIOQUIA;05209;CONCORDIA
05;ANTIOQUIA;05212;COPACABANA
05;ANTIOQUIA;05234;DABEIBA
05;ANTIOQUIA;05237;DON MATIAS
05;ANTIOQUIA;05240;EBEJICO
05;ANTIOQUIA;05250;EL BAGRE
05;ANTIOQUIA;05264;ENTRERRIOS
05;ANTIOQUIA;05266;ENVIGADO
05;ANTIOQUIA;05282;FREDONIA
05;ANTIOQUIA;05284;FRONTINO
05;ANTIOQUIA;05306;GIRALDO
05;ANTIOQUIA;05308;GIRARDOTA
05;ANTIOQUIA;05310;GOMEZ PLATA
05;ANTIOQUIA;05313;GRANADA
05;ANTIOQUIA;05315;GUADALUPE
05;ANTIOQUIA;05318;GUARNE
05;ANTIOQUIA;05321;GUATAPE
05;ANTIOQUIA;05347;HELICONIA
05;ANTIOQUIA;05353;HISPANIA
05;ANTIOQUIA;05360;ITAGUI
05;ANTIOQUIA;05361;ITUANGO
05;ANTIOQUIA;05364;JARDIN
05;ANTIOQUIA;05368;JERICO
05;ANTIOQUIA;05376;LA CEJA
05;ANTIOQUIA;05380;LA ESTRELLA
05;ANTIOQUIA;05390;LA PINTADA
05;ANTIOQUIA;05400;LA UNION
05;ANTIOQUIA;05411;LIBORINA
05;ANTIOQUIA;05425;MACEO
05;ANTIOQUIA;05440;MARINILLA
05;ANTIOQUIA;05467;MONTEBELLO
05;ANTIOQUIA;05475;MURINDO
05;ANTIOQUIA;05480;MUTATA
05;ANTIOQUIA;05483;NARIﾃ前
05;ANTIOQUIA;05490;NECOCLI
05;ANTIOQUIA;05495;NECHI
05;ANTIOQUIA;05501;OLAYA
05;ANTIOQUIA;05541;PEﾃ唇L
05;ANTIOQUIA;05543;PEQUE
05;ANTIOQUIA;05576;PUEBLORRICO
05;ANTIOQUIA;05579;PUERTO BERRIO
05;ANTIOQUIA;05585;PUERTO NARE
05;ANTIOQUIA;05591;PUERTO TRIUNFO
05;ANTIOQUIA;05604;REMEDIOS
05;ANTIOQUIA;05607;RETIRO
05;ANTIOQUIA;05615;RIONEGRO
05;ANTIOQUIA;05628;SABANALARGA
05;ANTIOQUIA;05631;SABANETA
05;ANTIOQUIA;05642;SALGAR
05;ANTIOQUIA;05647;SAN ANDRES DE CUERQUIA
05;ANTIOQUIA;05649;SAN CARLOS
05;ANTIOQUIA;05652;SAN FRANCISCO
05;ANTIOQUIA;05656;SAN JERONIMO
05;ANTIOQUIA;05658;SAN JOSE DE LA MONTAﾃ羨
05;ANTIOQUIA;05659;SAN JUAN DE URABA
05;ANTIOQUIA;05660;SAN LUIS
05;ANTIOQUIA;05664;SAN PEDRO
05;ANTIOQUIA;05665;SAN PEDRO DE URABA
05;ANTIOQUIA;05667;SAN RAFAEL
05;ANTIOQUIA;05670;SAN ROQUE
05;ANTIOQUIA;05674;SAN VICENTE
05;ANTIOQUIA;05679;SANTA BARBARA
05;ANTIOQUIA;05686;SANTA ROSA DE OSOS
05;ANTIOQUIA;05690;SANTO DOMINGO
05;ANTIOQUIA;05697;EL SANTUARIO
05;ANTIOQUIA;05736;SEGOVIA
05;ANTIOQUIA;05756;SONSON
05;ANTIOQUIA;05761;SOPETRAN
05;ANTIOQUIA;05789;TAMESIS
05;ANTIOQUIA;05790;TARAZA
05;ANTIOQUIA;05792;TARSO
05;ANTIOQUIA;05809;TITIRIBI
05;ANTIOQUIA;05819;TOLEDO
05;ANTIOQUIA;05837;TURBO
05;ANTIOQUIA;05842;URAMITA
05;ANTIOQUIA;05847;URRAO
05;ANTIOQUIA;05854;VALDIVIA
05;ANTIOQUIA;05856;VALPARAISO
05;ANTIOQUIA;05858;VEGACHI
05;ANTIOQUIA;05861;VENECIA
05;ANTIOQUIA;05873;VIGIA DEL FUERTE
05;ANTIOQUIA;05885;YALI
05;ANTIOQUIA;05887;YARUMAL
05;ANTIOQUIA;05890;YOLOMBO
05;ANTIOQUIA;05893;YONDO
05;ANTIOQUIA;05895;ZARAGOZA
08;ATLANTICO;08001;BARRANQUILLA
08;ATLANTICO;08078;BARANOA
08;ATLANTICO;08137;CAMPO DE LA CRUZ
08;ATLANTICO;08141;CANDELARIA
08;ATLANTICO;08296;GALAPA
08;ATLANTICO;08372;JUAN DE ACOSTA
08;ATLANTICO;08421;LURUACO
08;ATLANTICO;08433;MALAMBO
08;ATLANTICO;08436;MANATI
08;ATLANTICO;08520;PALMAR DE VARELA
08;ATLANTICO;08549;PIOJO
08;ATLANTICO;08558;POLONUEVO
08;ATLANTICO;08560;PONEDERA
08;ATLANTICO;08573;PUERTO COLOMBIA
08;ATLANTICO;08606;REPELON
08;ATLANTICO;08634;SABANAGRANDE
08;ATLANTICO;08638;SABANALARGA
08;ATLANTICO;08675;SANTA LUCIA
08;ATLANTICO;08685;SANTO TOMAS
08;ATLANTICO;08758;SOLEDAD
08;ATLANTICO;08770;SUAN
08;ATLANTICO;08832;TUBARA
08;ATLANTICO;08849;USIACURI
11;BOGOTA;11001;BOGOTA, D.C.
13;BOLIVAR;13001;CARTAGENA
13;BOLIVAR;13006;ACHI
13;BOLIVAR;13030;ALTOS DEL ROSARIO
13;BOLIVAR;13042;ARENAL
13;BOLIVAR;13052;ARJONA
13;BOLIVAR;13062;ARROYOHONDO
13;BOLIVAR;13074;BARRANCO DE LOBA
13;BOLIVAR;13140;CALAMAR
13;BOLIVAR;13160;CANTAGALLO
13;BOLIVAR;13188;CICUCO
13;BOLIVAR;13212;CORDOBA
13;BOLIVAR;13222;CLEMENCIA
13;BOLIVAR;13244;EL CARMEN DE BOLIVAR
13;BOLIVAR;13248;EL GUAMO
13;BOLIVAR;13268;EL PEﾃ前N
13;BOLIVAR;13300;HATILLO DE LOBA
13;BOLIVAR;13430;MAGANGUE
13;BOLIVAR;13433;MAHATES
13;BOLIVAR;13440;MARGARITA
13;BOLIVAR;13442;MARIA LA BAJA
13;BOLIVAR;13458;MONTECRISTO
13;BOLIVAR;13468;MOMPOS
13;BOLIVAR;13473;NOROSI
13;BOLIVAR;13490;MORALES
13;BOLIVAR;13549;PINILLOS
13;BOLIVAR;13580;REGIDOR
13;BOLIVAR;13600;RIO VIEJO
13;BOLIVAR;13620;SAN CRISTOBAL
13;BOLIVAR;13647;SAN ESTANISLAO
13;BOLIVAR;13650;SAN FERNANDO
13;BOLIVAR;13654;SAN JACINTO
13;BOLIVAR;13655;SAN JACINTO DEL CAUCA
13;BOLIVAR;13657;SAN JUAN NEPOMUCENO
13;BOLIVAR;13667;SAN MARTIN DE LOBA
13;BOLIVAR;13670;SAN PABLO
13;BOLIVAR;13673;SANTA CATALINA
13;BOLIVAR;13683;SANTA ROSA
13;BOLIVAR;13688;SANTA ROSA DEL SUR
13;BOLIVAR;13744;SIMITI
13;BOLIVAR;13760;SOPLAVIENTO
13;BOLIVAR;13780;TALAIGUA NUEVO
13;BOLIVAR;13810;TIQUISIO
13;BOLIVAR;13836;TURBACO
13;BOLIVAR;13838;TURBANA
13;BOLIVAR;13873;VILLANUEVA
13;BOLIVAR;13894;ZAMBRANO
15;BOYACA;15001;TUNJA
15;BOYACA;15022;ALMEIDA
15;BOYACA;15047;AQUITANIA
15;BOYACA;15051;ARCABUCO
15;BOYACA;15087;BELEN
15;BOYACA;15090;BERBEO
15;BOYACA;15092;BETEITIVA
15;BOYACA;15097;BOAVITA
15;BOYACA;15104;BOYACA
15;BOYACA;15106;BRICEﾃ前
15;BOYACA;15109;BUENAVISTA
15;BOYACA;15114;BUSBANZA
15;BOYACA;15131;CALDAS
15;BOYACA;15135;CAMPOHERMOSO
15;BOYACA;15162;CERINZA
15;BOYACA;15172;CHINAVITA
15;BOYACA;15176;CHIQUINQUIRA
15;BOYACA;15180;CHISCAS
15;BOYACA;15183;CHITA
15;BOYACA;15185;CHITARAQUE
15;BOYACA;15187;CHIVATA
15;BOYACA;15189;CIENEGA
15;BOYACA;15204;COMBITA
15;BOYACA;15212;COPER
15;BOYACA;15215;CORRALES
15;BOYACA;15218;COVARACHIA
15;BOYACA;15223;CUBARA
15;BOYACA;15224;CUCAITA
15;BOYACA;15226;CUITIVA
15;BOYACA;15232;CHIQUIZA
15;BOYACA;15236;CHIVOR
15;BOYACA;15238;DUITAMA
15;BOYACA;15244;EL COCUY
15;BOYACA;15248;EL ESPINO
15;BOYACA;15272;FIRAVITOBA
15;BOYACA;15276;FLORESTA
15;BOYACA;15293;GACHANTIVA
15;BOYACA;15296;GAMEZA
15;BOYACA;15299;GARAGOA
15;BOYACA;15317;GUACAMAYAS
15;BOYACA;15322;GUATEQUE
15;BOYACA;15325;GUAYATA
15;BOYACA;15332;GsICAN
15;BOYACA;15362;IZA
15;BOYACA;15367;JENESANO
15;BOYACA;15368;JERICO
15;BOYACA;15377;LABRANZAGRANDE
15;BOYACA;15380;LA CAPILLA
15;BOYACA;15401;LA VICTORIA
15;BOYACA;15403;LA UVITA
15;BOYACA;15407;VILLA DE LEYVA
15;BOYACA;15425;MACANAL
15;BOYACA;15442;MARIPI
15;BOYACA;15455;MIRAFLORES
15;BOYACA;15464;MONGUA
15;BOYACA;15466;MONGUI
15;BOYACA;15469;MONIQUIRA
15;BOYACA;15476;MOTAVITA
15;BOYACA;15480;MUZO
15;BOYACA;15491;NOBSA
15;BOYACA;15494;NUEVO COLON
15;BOYACA;15500;OICATA
15;BOYACA;15507;OTANCHE
15;BOYACA;15511;PACHAVITA
15;BOYACA;15514;PAEZ
15;BOYACA;15516;PAIPA
15;BOYACA;15518;PAJARITO
15;BOYACA;15522;PANQUEBA
15;BOYACA;15531;PAUNA
15;BOYACA;15533;PAYA
15;BOYACA;15537;PAZ DE RIO
15;BOYACA;15542;PESCA
15;BOYACA;15550;PISBA
15;BOYACA;15572;PUERTO BOYACA
15;BOYACA;15580;QUIPAMA
15;BOYACA;15599;RAMIRIQUI
15;BOYACA;15600;RAQUIRA
15;BOYACA;15621;RONDON
15;BOYACA;15632;SABOYA
15;BOYACA;15638;SACHICA
15;BOYACA;15646;SAMACA
15;BOYACA;15660;SAN EDUARDO
15;BOYACA;15664;SAN JOSE DE PARE
15;BOYACA;15667;SAN LUIS DE GACENO
15;BOYACA;15673;SAN MATEO
15;BOYACA;15676;SAN MIGUEL DE SEMA
15;BOYACA;15681;SAN PABLO DE BORBUR
15;BOYACA;15686;SANTANA
15;BOYACA;15690;SANTA MARIA
15;BOYACA;15693;SANTA ROSA DE VITERBO
15;BOYACA;15696;SANTA SOFIA
15;BOYACA;15720;SATIVANORTE
15;BOYACA;15723;SATIVASUR
15;BOYACA;15740;SIACHOQUE
15;BOYACA;15753;SOATA
15;BOYACA;15755;SOCOTA
15;BOYACA;15757;SOCHA
15;BOYACA;15759;SOGAMOSO
15;BOYACA;15761;SOMONDOCO
15;BOYACA;15762;SORA
15;BOYACA;15763;SOTAQUIRA
15;BOYACA;15764;SORACA
15;BOYACA;15774;SUSACON
15;BOYACA;15776;SUTAMARCHAN
15;BOYACA;15778;SUTATENZA
15;BOYACA;15790;TASCO
15;BOYACA;15798;TENZA
15;BOYACA;15804;TIBANA
15;BOYACA;15806;TIBASOSA
15;BOYACA;15808;TINJACA
15;BOYACA;15810;TIPACOQUE
15;BOYACA;15814;TOCA
15;BOYACA;15816;TOGsI
15;BOYACA;15820;TOPAGA
15;BOYACA;15822;TOTA
15;BOYACA;15832;TUNUNGUA
15;BOYACA;15835;TURMEQUE
15;BOYACA;15837;TUTA
15;BOYACA;15839;TUTAZA
15;BOYACA;15842;UMBITA
15;BOYACA;15861;VENTAQUEMADA
15;BOYACA;15879;VIRACACHA
15;BOYACA;15897;ZETAQUIRA
17;CALDAS;17001;MANIZALES
17;CALDAS;17013;AGUADAS
17;CALDAS;17042;ANSERMA
17;CALDAS;17050;ARANZAZU
17;CALDAS;17088;BELALCAZAR
17;CALDAS;17174;CHINCHINA
17;CALDAS;17272;FILADELFIA
17;CALDAS;17380;LA DORADA
17;CALDAS;17388;LA MERCED
17;CALDAS;17433;MANZANARES
17;CALDAS;17442;MARMATO
17;CALDAS;17444;MARQUETALIA
17;CALDAS;17446;MARULANDA
17;CALDAS;17486;NEIRA
17;CALDAS;17495;NORCASIA
17;CALDAS;17513;PACORA
17;CALDAS;17524;PALESTINA
17;CALDAS;17541;PENSILVANIA
17;CALDAS;17614;RIOSUCIO
17;CALDAS;17616;RISARALDA
17;CALDAS;17653;SALAMINA
17;CALDAS;17662;SAMANA
17;CALDAS;17665;SAN JOSE
17;CALDAS;17777;SUPIA
17;CALDAS;17867;VICTORIA
17;CALDAS;17873;VILLAMARIA
17;CALDAS;17877;VITERBO
18;CAQUETA;18001;FLORENCIA
18;CAQUETA;18029;ALBANIA
18;CAQUETA;18094;BELEN DE LOS ANDAQUIES
18;CAQUETA;18150;CARTAGENA DEL CHAIRA
18;CAQUETA;18205;CURILLO
18;CAQUETA;18247;EL DONCELLO
18;CAQUETA;18256;EL PAUJIL
18;CAQUETA;18410;LA MONTAﾃ選TA
18;CAQUETA;18460;MILAN
18;CAQUETA;18479;MORELIA
18;CAQUETA;18592;PUERTO RICO
18;CAQUETA;18610;SAN JOSE DEL FRAGUA
18;CAQUETA;18753;SAN VICENTE DEL CAGUAN
18;CAQUETA;18756;SOLANO
18;CAQUETA;18785;SOLITA
18;CAQUETA;18860;VALPARAISO
19;CAUCA;19001;POPAYAN
19;CAUCA;19022;ALMAGUER
19;CAUCA;19050;ARGELIA
19;CAUCA;19075;BALBOA
19;CAUCA;19100;BOLIVAR
19;CAUCA;19110;BUENOS AIRES
19;CAUCA;19130;CAJIBIO
19;CAUCA;19137;CALDONO
19;CAUCA;19142;CALOTO
19;CAUCA;19212;CORINTO
19;CAUCA;19256;EL TAMBO
19;CAUCA;19290;FLORENCIA
19;CAUCA;19300;GUACHENE
19;CAUCA;19318;GUAPI
19;CAUCA;19355;INZA
19;CAUCA;19364;JAMBALO
19;CAUCA;19392;LA SIERRA
19;CAUCA;19397;LA VEGA
19;CAUCA;19418;LOPEZ
19;CAUCA;19450;MERCADERES
19;CAUCA;19455;MIRANDA
19;CAUCA;19473;MORALES
19;CAUCA;19513;PADILLA
19;CAUCA;19517;PAEZ
19;CAUCA;19532;PATIA
19;CAUCA;19533;PIAMONTE
19;CAUCA;19548;PIENDAMO
19;CAUCA;19573;PUERTO TEJADA
19;CAUCA;19585;PURACE
19;CAUCA;19622;ROSAS
19;CAUCA;19693;SAN SEBASTIAN
19;CAUCA;19698;SANTANDER DE QUILICHAO
19;CAUCA;19701;SANTA ROSA
19;CAUCA;19743;SILVIA
19;CAUCA;19760;SOTARA
19;CAUCA;19780;SUAREZ
19;CAUCA;19785;SUCRE
19;CAUCA;19807;TIMBIO
19;CAUCA;19809;TIMBIQUI
19;CAUCA;19821;TORIBIO
19;CAUCA;19824;TOTORO
19;CAUCA;19845;VILLA RICA
20;CESAR;20001;VALLEDUPAR
20;CESAR;20011;AGUACHICA
20;CESAR;20013;AGUSTIN CODAZZI
20;CESAR;20032;ASTREA
20;CESAR;20045;BECERRIL
20;CESAR;20060;BOSCONIA
20;CESAR;20175;CHIMICHAGUA
20;CESAR;20178;CHIRIGUANA
20;CESAR;20228;CURUMANI
20;CESAR;20238;EL COPEY
20;CESAR;20250;EL PASO
20;CESAR;20295;GAMARRA
20;CESAR;20310;GONZALEZ
20;CESAR;20383;LA GLORIA
20;CESAR;20400;LA JAGUA DE IBIRICO
20;CESAR;20443;MANAURE
20;CESAR;20517;PAILITAS
20;CESAR;20550;PELAYA
20;CESAR;20570;PUEBLO BELLO
20;CESAR;20614;RIO DE ORO
20;CESAR;20621;LA PAZ
20;CESAR;20710;SAN ALBERTO
20;CESAR;20750;SAN DIEGO
20;CESAR;20770;SAN MARTIN
20;CESAR;20787;TAMALAMEQUE
23;CORDOBA;23001;MONTERIA
23;CORDOBA;23068;AYAPEL
23;CORDOBA;23079;BUENAVISTA
23;CORDOBA;23090;CANALETE
23;CORDOBA;23162;CERETE
23;CORDOBA;23168;CHIMA
23;CORDOBA;23182;CHINU
23;CORDOBA;23189;CIENAGA DE ORO
23;CORDOBA;23300;COTORRA
23;CORDOBA;23350;LA APARTADA
23;CORDOBA;23417;LORICA
23;CORDOBA;23419;LOS CORDOBAS
23;CORDOBA;23464;MOMIL
23;CORDOBA;23466;MONTELIBANO
23;CORDOBA;23500;MOﾃ選TOS
23;CORDOBA;23555;PLANETA RICA
23;CORDOBA;23570;PUEBLO NUEVO
23;CORDOBA;23574;PUERTO ESCONDIDO
23;CORDOBA;23580;PUERTO LIBERTADOR
23;CORDOBA;23586;PURISIMA
23;CORDOBA;23660;SAHAGUN
23;CORDOBA;23670;SAN ANDRES SOTAVENTO
23;CORDOBA;23672;SAN ANTERO
23;CORDOBA;23675;SAN BERNARDO DEL VIENTO
23;CORDOBA;23678;SAN CARLOS
23;CORDOBA;23682;SAN PELAYO
23;CORDOBA;23686;TIERRALTA
23;CORDOBA;23807;VALENCIA
25;CUNDINAMARCA;23815;AGUA DE DIOS
25;CUNDINAMARCA;23855;ALBAN
25;CUNDINAMARCA;25001;ANAPOIMA
25;CUNDINAMARCA;25019;ANOLAIMA
25;CUNDINAMARCA;25035;ARBELAEZ
25;CUNDINAMARCA;25040;BELTRAN
25;CUNDINAMARCA;25053;BITUIMA
25;CUNDINAMARCA;25086;BOJACA
25;CUNDINAMARCA;25095;CABRERA
25;CUNDINAMARCA;25099;CACHIPAY
25;CUNDINAMARCA;25120;CAJICA
25;CUNDINAMARCA;25123;CAPARRAPI
25;CUNDINAMARCA;25126;CAQUEZA
25;CUNDINAMARCA;25148;CARMEN DE CARUPA
25;CUNDINAMARCA;25151;CHAGUANI
25;CUNDINAMARCA;25154;CHIA
25;CUNDINAMARCA;25168;CHIPAQUE
25;CUNDINAMARCA;25175;CHOACHI
25;CUNDINAMARCA;25178;CHOCONTA
25;CUNDINAMARCA;25181;COGUA
25;CUNDINAMARCA;25183;COTA
25;CUNDINAMARCA;25200;CUCUNUBA
25;CUNDINAMARCA;25214;EL COLEGIO
25;CUNDINAMARCA;25224;EL PEﾃ前N
25;CUNDINAMARCA;25245;EL ROSAL
25;CUNDINAMARCA;25258;FACATATIVA
25;CUNDINAMARCA;25260;FOMEQUE
25;CUNDINAMARCA;25269;FOSCA
25;CUNDINAMARCA;25279;FUNZA
25;CUNDINAMARCA;25281;FUQUENE
25;CUNDINAMARCA;25286;FUSAGASUGA
25;CUNDINAMARCA;25288;GACHALA
25;CUNDINAMARCA;25290;GACHANCIPA
25;CUNDINAMARCA;25293;GACHETA
25;CUNDINAMARCA;25295;GAMA
25;CUNDINAMARCA;25297;GIRARDOT
25;CUNDINAMARCA;25299;GRANADA
25;CUNDINAMARCA;25307;GUACHETA
25;CUNDINAMARCA;25312;GUADUAS
25;CUNDINAMARCA;25317;GUASCA
25;CUNDINAMARCA;25320;GUATAQUI
25;CUNDINAMARCA;25322;GUATAVITA
25;CUNDINAMARCA;25324;GUAYABAL DE SIQUIMA
25;CUNDINAMARCA;25326;GUAYABETAL
25;CUNDINAMARCA;25328;GUTIERREZ
25;CUNDINAMARCA;25335;JERUSALEN
25;CUNDINAMARCA;25339;JUNIN
25;CUNDINAMARCA;25368;LA CALERA
25;CUNDINAMARCA;25372;LA MESA
25;CUNDINAMARCA;25377;LA PALMA
25;CUNDINAMARCA;25386;LA PEﾃ羨
25;CUNDINAMARCA;25394;LA VEGA
25;CUNDINAMARCA;25398;LENGUAZAQUE
25;CUNDINAMARCA;25402;MACHETA
25;CUNDINAMARCA;25407;MADRID
25;CUNDINAMARCA;25426;MANTA
25;CUNDINAMARCA;25430;MEDINA
25;CUNDINAMARCA;25436;MOSQUERA
25;CUNDINAMARCA;25438;NARIﾃ前
25;CUNDINAMARCA;25473;NEMOCON
25;CUNDINAMARCA;25483;NILO
25;CUNDINAMARCA;25486;NIMAIMA
25;CUNDINAMARCA;25488;NOCAIMA
25;CUNDINAMARCA;25489;VENECIA
25;CUNDINAMARCA;25491;PACHO
25;CUNDINAMARCA;25506;PAIME
25;CUNDINAMARCA;25513;PANDI
25;CUNDINAMARCA;25518;PARATEBUENO
25;CUNDINAMARCA;25524;PASCA
25;CUNDINAMARCA;25530;PUERTO SALGAR
25;CUNDINAMARCA;25535;PULI
25;CUNDINAMARCA;25572;QUEBRADANEGRA
25;CUNDINAMARCA;25580;QUETAME
25;CUNDINAMARCA;25592;QUIPILE
25;CUNDINAMARCA;25594;APULO
25;CUNDINAMARCA;25596;RICAURTE
25;CUNDINAMARCA;25599;SAN ANTONIO DEL TEQUENDAMA
25;CUNDINAMARCA;25612;SAN BERNARDO
25;CUNDINAMARCA;25645;SAN CAYETANO
25;CUNDINAMARCA;25649;SAN FRANCISCO
25;CUNDINAMARCA;25653;SAN JUAN DE RIO SECO
25;CUNDINAMARCA;25658;SASAIMA
25;CUNDINAMARCA;25662;SESQUILE
25;CUNDINAMARCA;25718;SIBATE
25;CUNDINAMARCA;25736;SILVANIA
25;CUNDINAMARCA;25740;SIMIJACA
25;CUNDINAMARCA;25743;SOACHA
25;CUNDINAMARCA;25745;SOPO
25;CUNDINAMARCA;25754;SUBACHOQUE
25;CUNDINAMARCA;25758;SUESCA
25;CUNDINAMARCA;25769;SUPATA
25;CUNDINAMARCA;25772;SUSA
25;CUNDINAMARCA;25777;SUTATAUSA
25;CUNDINAMARCA;25779;TABIO
25;CUNDINAMARCA;25781;TAUSA
25;CUNDINAMARCA;25785;TENA
25;CUNDINAMARCA;25793;TENJO
25;CUNDINAMARCA;25797;TIBACUY
25;CUNDINAMARCA;25799;TIBIRITA
25;CUNDINAMARCA;25805;TOCAIMA
25;CUNDINAMARCA;25807;TOCANCIPA
25;CUNDINAMARCA;25815;TOPAIPI
25;CUNDINAMARCA;25817;UBALA
25;CUNDINAMARCA;25823;UBAQUE
25;CUNDINAMARCA;25839;VILLA DE SAN DIEGO DE UBATE
25;CUNDINAMARCA;25841;UNE
25;CUNDINAMARCA;25843;UTICA
25;CUNDINAMARCA;25845;VERGARA
25;CUNDINAMARCA;25851;VIANI
25;CUNDINAMARCA;25862;VILLAGOMEZ
25;CUNDINAMARCA;25867;VILLAPINZON
25;CUNDINAMARCA;25871;VILLETA
25;CUNDINAMARCA;25873;VIOTA
25;CUNDINAMARCA;25875;YACOPI
25;CUNDINAMARCA;25878;ZIPACON
25;CUNDINAMARCA;25885;ZIPAQUIRA
27;CHOCO;25898;QUIBDO
27;CHOCO;25899;ACANDI
27;CHOCO;27001;ALTO BAUDO
27;CHOCO;27006;ATRATO
27;CHOCO;27025;BAGADO
27;CHOCO;27050;BAHIA SOLANO
27;CHOCO;27073;BAJO BAUDO
27;CHOCO;27075;BOJAYA
27;CHOCO;27077;EL CANTON DEL SAN PABLO
27;CHOCO;27099;CARMEN DEL DARIEN
27;CHOCO;27135;CERTEGUI
27;CHOCO;27150;CONDOTO
27;CHOCO;27160;EL CARMEN DE ATRATO
27;CHOCO;27205;EL LITORAL DEL SAN JUAN
27;CHOCO;27245;ISTMINA
27;CHOCO;27250;JURADO
27;CHOCO;27361;LLORO
27;CHOCO;27372;MEDIO ATRATO
27;CHOCO;27413;MEDIO BAUDO
27;CHOCO;27425;MEDIO SAN JUAN
27;CHOCO;27430;NOVITA
27;CHOCO;27450;NUQUI
27;CHOCO;27491;RIO IRO
27;CHOCO;27495;RIO QUITO
27;CHOCO;27580;RIOSUCIO
27;CHOCO;27600;SAN JOSE DEL PALMAR
27;CHOCO;27615;SIPI
27;CHOCO;27660;TADO
27;CHOCO;27745;UNGUIA
27;CHOCO;27787;UNION PANAMERICANA
41;HUILA;27800;NEIVA
41;HUILA;27810;ACEVEDO
41;HUILA;41001;AGRADO
41;HUILA;41006;AIPE
41;HUILA;41013;ALGECIRAS
41;HUILA;41016;ALTAMIRA
41;HUILA;41020;BARAYA
41;HUILA;41026;CAMPOALEGRE
41;HUILA;41078;COLOMBIA
41;HUILA;41132;ELIAS
41;HUILA;41206;GARZON
41;HUILA;41244;GIGANTE
41;HUILA;41298;GUADALUPE
41;HUILA;41306;HOBO
41;HUILA;41319;IQUIRA
41;HUILA;41349;ISNOS
41;HUILA;41357;LA ARGENTINA
41;HUILA;41359;LA PLATA
41;HUILA;41378;NATAGA
41;HUILA;41396;OPORAPA
41;HUILA;41483;PAICOL
41;HUILA;41503;PALERMO
41;HUILA;41518;PALESTINA
41;HUILA;41524;PITAL
41;HUILA;41530;PITALITO
41;HUILA;41548;RIVERA
41;HUILA;41551;SALADOBLANCO
41;HUILA;41615;SAN AGUSTIN
41;HUILA;41660;SANTA MARIA
41;HUILA;41668;SUAZA
41;HUILA;41676;TARQUI
41;HUILA;41770;TESALIA
41;HUILA;41791;TELLO
41;HUILA;41797;TERUEL
41;HUILA;41799;TIMANA
41;HUILA;41801;VILLAVIEJA
41;HUILA;41807;YAGUARA
44;LA GUAJIRA;41872;RIOHACHA
44;LA GUAJIRA;41885;ALBANIA
44;LA GUAJIRA;44001;BARRANCAS
44;LA GUAJIRA;44035;DIBULLA
44;LA GUAJIRA;44078;DISTRACCION
44;LA GUAJIRA;44090;EL MOLINO
44;LA GUAJIRA;44098;FONSECA
44;LA GUAJIRA;44110;HATONUEVO
44;LA GUAJIRA;44279;LA JAGUA DEL PILAR
44;LA GUAJIRA;44378;MAICAO
44;LA GUAJIRA;44420;MANAURE
44;LA GUAJIRA;44430;SAN JUAN DEL CESAR
44;LA GUAJIRA;44560;URIBIA
44;LA GUAJIRA;44650;URUMITA
44;LA GUAJIRA;44847;VILLANUEVA
47;MAGDALENA;44855;SANTA MARTA
47;MAGDALENA;44874;ALGARROBO
47;MAGDALENA;47001;ARACATACA
47;MAGDALENA;47030;ARIGUANI
47;MAGDALENA;47053;CERRO SAN ANTONIO
47;MAGDALENA;47058;CHIBOLO
47;MAGDALENA;47161;CIENAGA
47;MAGDALENA;47170;CONCORDIA
47;MAGDALENA;47189;EL BANCO
47;MAGDALENA;47205;EL PIﾃ前N
47;MAGDALENA;47245;EL RETEN
47;MAGDALENA;47258;FUNDACION
47;MAGDALENA;47268;GUAMAL
47;MAGDALENA;47288;NUEVA GRANADA
47;MAGDALENA;47318;PEDRAZA
47;MAGDALENA;47460;PIJIﾃ前 DEL CARMEN
47;MAGDALENA;47541;PIVIJAY
47;MAGDALENA;47545;PLATO
47;MAGDALENA;47551;PUEBLOVIEJO
47;MAGDALENA;47555;REMOLINO
47;MAGDALENA;47570;SABANAS DE SAN ANGEL
47;MAGDALENA;47605;SALAMINA
47;MAGDALENA;47660;SAN SEBASTIAN DE BUENAVISTA
47;MAGDALENA;47675;SAN ZENON
47;MAGDALENA;47692;SANTA ANA
47;MAGDALENA;47703;SANTA BARBARA DE PINTO
47;MAGDALENA;47707;SITIONUEVO
47;MAGDALENA;47720;TENERIFE
47;MAGDALENA;47745;ZAPAYAN
47;MAGDALENA;47798;ZONA BANANERA
50;META;47960;VILLAVICENCIO
50;META;47980;ACACIAS
50;META;50001;BARRANCA DE UPIA
50;META;50006;CABUYARO
50;META;50110;CASTILLA LA NUEVA
50;META;50124;CUBARRAL
50;META;50150;CUMARAL
50;META;50223;EL CALVARIO
50;META;50226;EL CASTILLO
50;META;50245;EL DORADO
50;META;50251;FUENTE DE ORO
50;META;50270;GRANADA
50;META;50287;GUAMAL
50;META;50313;MAPIRIPAN
50;META;50318;MESETAS
50;META;50325;LA MACARENA
50;META;50330;URIBE
50;META;50350;LEJANIAS
50;META;50370;PUERTO CONCORDIA
50;META;50400;PUERTO GAITAN
50;META;50450;PUERTO LOPEZ
50;META;50568;PUERTO LLERAS
50;META;50573;PUERTO RICO
50;META;50577;RESTREPO
50;META;50590;SAN CARLOS DE GUAROA
50;META;50606;SAN JUAN DE ARAMA
50;META;50680;SAN JUANITO
50;META;50683;SAN MARTIN
50;META;50686;VISTAHERMOSA
52;NARIﾃ前;50689;PASTO
52;NARIﾃ前;50711;ALBAN
52;NARIﾃ前;52001;ALDANA
52;NARIﾃ前;52019;ANCUYA
52;NARIﾃ前;52022;ARBOLEDA
52;NARIﾃ前;52036;BARBACOAS
52;NARIﾃ前;52051;BELEN
52;NARIﾃ前;52079;BUESACO
52;NARIﾃ前;52083;COLON
52;NARIﾃ前;52110;CONSACA
52;NARIﾃ前;52203;CONTADERO
52;NARIﾃ前;52207;CORDOBA
52;NARIﾃ前;52210;CUASPUD
52;NARIﾃ前;52215;CUMBAL
52;NARIﾃ前;52224;CUMBITARA
52;NARIﾃ前;52227;CHACHAGsI
52;NARIﾃ前;52233;EL CHARCO
52;NARIﾃ前;52240;EL PEﾃ前L
52;NARIﾃ前;52250;EL ROSARIO
52;NARIﾃ前;52254;EL TABLON DE GOMEZ
52;NARIﾃ前;52256;EL TAMBO
52;NARIﾃ前;52258;FUNES
52;NARIﾃ前;52260;GUACHUCAL
52;NARIﾃ前;52287;GUAITARILLA
52;NARIﾃ前;52317;GUALMATAN
52;NARIﾃ前;52320;ILES
52;NARIﾃ前;52323;IMUES
52;NARIﾃ前;52352;IPIALES
52;NARIﾃ前;52354;LA CRUZ
52;NARIﾃ前;52356;LA FLORIDA
52;NARIﾃ前;52378;LA LLANADA
52;NARIﾃ前;52381;LA TOLA
52;NARIﾃ前;52385;LA UNION
52;NARIﾃ前;52390;LEIVA
52;NARIﾃ前;52399;LINARES
52;NARIﾃ前;52405;LOS ANDES
52;NARIﾃ前;52411;MAGsI
52;NARIﾃ前;52418;MALLAMA
52;NARIﾃ前;52427;MOSQUERA
52;NARIﾃ前;52435;NARIﾃ前
52;NARIﾃ前;52473;OLAYA HERRERA
52;NARIﾃ前;52480;OSPINA
52;NARIﾃ前;52490;FRANCISCO PIZARRO
52;NARIﾃ前;52506;POLICARPA
52;NARIﾃ前;52520;POTOSI
52;NARIﾃ前;52540;PROVIDENCIA
52;NARIﾃ前;52560;PUERRES
52;NARIﾃ前;52565;PUPIALES
52;NARIﾃ前;52573;RICAURTE
52;NARIﾃ前;52585;ROBERTO PAYAN
52;NARIﾃ前;52612;SAMANIEGO
52;NARIﾃ前;52621;SANDONA
52;NARIﾃ前;52678;SAN BERNARDO
52;NARIﾃ前;52683;SAN LORENZO
52;NARIﾃ前;52685;SAN PABLO
52;NARIﾃ前;52687;SAN PEDRO DE CARTAGO
52;NARIﾃ前;52693;SANTA BARBARA
52;NARIﾃ前;52694;SANTACRUZ
52;NARIﾃ前;52696;SAPUYES
52;NARIﾃ前;52699;TAMINANGO
52;NARIﾃ前;52720;TANGUA
52;NARIﾃ前;52786;SAN ANDRES DE TUMACO
52;NARIﾃ前;52788;TUQUERRES
52;NARIﾃ前;52835;YACUANQUER
54;NORTE DE SANTANDER;52838;CUCUTA
54;NORTE DE SANTANDER;52885;ABREGO
54;NORTE DE SANTANDER;54001;ARBOLEDAS
54;NORTE DE SANTANDER;54003;BOCHALEMA
54;NORTE DE SANTANDER;54051;BUCARASICA
54;NORTE DE SANTANDER;54099;CACOTA
54;NORTE DE SANTANDER;54109;CACHIRA
54;NORTE DE SANTANDER;54125;CHINACOTA
54;NORTE DE SANTANDER;54128;CHITAGA
54;NORTE DE SANTANDER;54172;CONVENCION
54;NORTE DE SANTANDER;54174;CUCUTILLA
54;NORTE DE SANTANDER;54206;DURANIA
54;NORTE DE SANTANDER;54223;EL CARMEN
54;NORTE DE SANTANDER;54239;EL TARRA
54;NORTE DE SANTANDER;54245;EL ZULIA
54;NORTE DE SANTANDER;54250;GRAMALOTE
54;NORTE DE SANTANDER;54261;HACARI
54;NORTE DE SANTANDER;54313;HERRAN
54;NORTE DE SANTANDER;54344;LABATECA
54;NORTE DE SANTANDER;54347;LA ESPERANZA
54;NORTE DE SANTANDER;54377;LA PLAYA
54;NORTE DE SANTANDER;54385;LOS PATIOS
54;NORTE DE SANTANDER;54398;LOURDES
54;NORTE DE SANTANDER;54405;MUTISCUA
54;NORTE DE SANTANDER;54418;OCAﾃ羨
54;NORTE DE SANTANDER;54480;PAMPLONA
54;NORTE DE SANTANDER;54498;PAMPLONITA
54;NORTE DE SANTANDER;54518;PUERTO SANTANDER
54;NORTE DE SANTANDER;54520;RAGONVALIA
54;NORTE DE SANTANDER;54553;SALAZAR
54;NORTE DE SANTANDER;54599;SAN CALIXTO
54;NORTE DE SANTANDER;54660;SAN CAYETANO
54;NORTE DE SANTANDER;54670;SANTIAGO
54;NORTE DE SANTANDER;54673;SARDINATA
54;NORTE DE SANTANDER;54680;SILOS
54;NORTE DE SANTANDER;54720;TEORAMA
54;NORTE DE SANTANDER;54743;TIBU
54;NORTE DE SANTANDER;54800;TOLEDO
54;NORTE DE SANTANDER;54810;VILLA CARO
54;NORTE DE SANTANDER;54820;VILLA DEL ROSARIO
63;QUINDIO;54871;ARMENIA
63;QUINDIO;54874;BUENAVISTA
63;QUINDIO;63001;CALARCA
63;QUINDIO;63111;CIRCASIA
63;QUINDIO;63130;CORDOBA
63;QUINDIO;63190;FILANDIA
63;QUINDIO;63212;GENOVA
63;QUINDIO;63272;LA TEBAIDA
63;QUINDIO;63302;MONTENEGRO
63;QUINDIO;63401;PIJAO
63;QUINDIO;63470;QUIMBAYA
63;QUINDIO;63548;SALENTO
66;RISARALDA;63594;PEREIRA
66;RISARALDA;63690;APIA
66;RISARALDA;66001;BALBOA
66;RISARALDA;66045;BELEN DE UMBRIA
66;RISARALDA;66075;DOSQUEBRADAS
66;RISARALDA;66088;GUATICA
66;RISARALDA;66170;LA CELIA
66;RISARALDA;66318;LA VIRGINIA
66;RISARALDA;66383;MARSELLA
66;RISARALDA;66400;MISTRATO
66;RISARALDA;66440;PUEBLO RICO
66;RISARALDA;66456;QUINCHIA
66;RISARALDA;66572;SANTA ROSA DE CABAL
66;RISARALDA;66594;SANTUARIO
68;SANTANDER;66682;BUCARAMANGA
68;SANTANDER;66687;AGUADA
68;SANTANDER;68001;ALBANIA
68;SANTANDER;68013;ARATOCA
68;SANTANDER;68020;BARBOSA
68;SANTANDER;68051;BARICHARA
68;SANTANDER;68077;BARRANCABERMEJA
68;SANTANDER;68079;BETULIA
68;SANTANDER;68081;BOLIVAR
68;SANTANDER;68092;CABRERA
68;SANTANDER;68101;CALIFORNIA
68;SANTANDER;68121;CAPITANEJO
68;SANTANDER;68132;CARCASI
68;SANTANDER;68147;CEPITA
68;SANTANDER;68152;CERRITO
68;SANTANDER;68160;CHARALA
68;SANTANDER;68162;CHARTA
68;SANTANDER;68167;CHIMA
68;SANTANDER;68169;CHIPATA
68;SANTANDER;68176;CIMITARRA
68;SANTANDER;68179;CONCEPCION
68;SANTANDER;68190;CONFINES
68;SANTANDER;68207;CONTRATACION
68;SANTANDER;68209;COROMORO
68;SANTANDER;68211;CURITI
68;SANTANDER;68217;EL CARMEN DE CHUCURI
68;SANTANDER;68229;EL GUACAMAYO
68;SANTANDER;68235;EL PEﾃ前N
68;SANTANDER;68245;EL PLAYON
68;SANTANDER;68250;ENCINO
68;SANTANDER;68255;ENCISO
68;SANTANDER;68264;FLORIAN
68;SANTANDER;68266;FLORIDABLANCA
68;SANTANDER;68271;GALAN
68;SANTANDER;68276;GAMBITA
68;SANTANDER;68296;GIRON
68;SANTANDER;68298;GUACA
68;SANTANDER;68307;GUADALUPE
68;SANTANDER;68318;GUAPOTA
68;SANTANDER;68320;GUAVATA
68;SANTANDER;68322;GsEPSA
68;SANTANDER;68324;HATO
68;SANTANDER;68327;JESUS MARIA
68;SANTANDER;68344;JORDAN
68;SANTANDER;68368;LA BELLEZA
68;SANTANDER;68370;LANDAZURI
68;SANTANDER;68377;LA PAZ
68;SANTANDER;68385;LEBRIJA
68;SANTANDER;68397;LOS SANTOS
68;SANTANDER;68406;MACARAVITA
68;SANTANDER;68418;MALAGA
68;SANTANDER;68425;MATANZA
68;SANTANDER;68432;MOGOTES
68;SANTANDER;68444;MOLAGAVITA
68;SANTANDER;68464;OCAMONTE
68;SANTANDER;68468;OIBA
68;SANTANDER;68498;ONZAGA
68;SANTANDER;68500;PALMAR
68;SANTANDER;68502;PALMAS DEL SOCORRO
68;SANTANDER;68522;PARAMO
68;SANTANDER;68524;PIEDECUESTA
68;SANTANDER;68533;PINCHOTE
68;SANTANDER;68547;PUENTE NACIONAL
68;SANTANDER;68549;PUERTO PARRA
68;SANTANDER;68572;PUERTO WILCHES
68;SANTANDER;68573;RIONEGRO
68;SANTANDER;68575;SABANA DE TORRES
68;SANTANDER;68615;SAN ANDRES
68;SANTANDER;68655;SAN BENITO
68;SANTANDER;68669;SAN GIL
68;SANTANDER;68673;SAN JOAQUIN
68;SANTANDER;68679;SAN JOSE DE MIRANDA
68;SANTANDER;68682;SAN MIGUEL
68;SANTANDER;68684;SAN VICENTE DE CHUCURI
68;SANTANDER;68686;SANTA BARBARA
68;SANTANDER;68689;SANTA HELENA DEL OPON
68;SANTANDER;68705;SIMACOTA
68;SANTANDER;68720;SOCORRO
68;SANTANDER;68745;SUAITA
68;SANTANDER;68755;SUCRE
68;SANTANDER;68770;SURATA
68;SANTANDER;68773;TONA
68;SANTANDER;68780;VALLE DE SAN JOSE
68;SANTANDER;68820;VELEZ
68;SANTANDER;68855;VETAS
68;SANTANDER;68861;VILLANUEVA
68;SANTANDER;68867;ZAPATOCA
70;SUCRE;68872;SINCELEJO
70;SUCRE;68895;BUENAVISTA
70;SUCRE;70001;CAIMITO
70;SUCRE;70110;COLOSO
70;SUCRE;70124;COROZAL
70;SUCRE;70204;COVEﾃ羨S
70;SUCRE;70215;CHALAN
70;SUCRE;70221;EL ROBLE
70;SUCRE;70230;GALERAS
70;SUCRE;70233;GUARANDA
70;SUCRE;70235;LA UNION
70;SUCRE;70265;LOS PALMITOS
70;SUCRE;70400;MAJAGUAL
70;SUCRE;70418;MORROA
70;SUCRE;70429;OVEJAS
70;SUCRE;70473;PALMITO
70;SUCRE;70508;SAMPUES
70;SUCRE;70523;SAN BENITO ABAD
70;SUCRE;70670;SAN JUAN DE BETULIA
70;SUCRE;70678;SAN MARCOS
70;SUCRE;70702;SAN ONOFRE
70;SUCRE;70708;SAN PEDRO
70;SUCRE;70713;SAN LUIS DE SINCE
70;SUCRE;70717;SUCRE
70;SUCRE;70742;SANTIAGO DE TOLU
70;SUCRE;70771;TOLU VIEJO
73;TOLIMA;70820;IBAGUE
73;TOLIMA;70823;ALPUJARRA
73;TOLIMA;73001;ALVARADO
73;TOLIMA;73024;AMBALEMA
73;TOLIMA;73026;ANZOATEGUI
73;TOLIMA;73030;ARMERO
73;TOLIMA;73043;ATACO
73;TOLIMA;73055;CAJAMARCA
73;TOLIMA;73067;CARMEN DE APICALA
73;TOLIMA;73124;CASABIANCA
73;TOLIMA;73148;CHAPARRAL
73;TOLIMA;73152;COELLO
73;TOLIMA;73168;COYAIMA
73;TOLIMA;73200;CUNDAY
73;TOLIMA;73217;DOLORES
73;TOLIMA;73226;ESPINAL
73;TOLIMA;73236;FALAN
73;TOLIMA;73268;FLANDES
73;TOLIMA;73270;FRESNO
73;TOLIMA;73275;GUAMO
73;TOLIMA;73283;HERVEO
73;TOLIMA;73319;HONDA
73;TOLIMA;73347;ICONONZO
73;TOLIMA;73349;LERIDA
73;TOLIMA;73352;LIBANO
73;TOLIMA;73408;MARIQUITA
73;TOLIMA;73411;MELGAR
73;TOLIMA;73443;MURILLO
73;TOLIMA;73449;NATAGAIMA
73;TOLIMA;73461;ORTEGA
73;TOLIMA;73483;PALOCABILDO
73;TOLIMA;73504;PIEDRAS
73;TOLIMA;73520;PLANADAS
73;TOLIMA;73547;PRADO
73;TOLIMA;73555;PURIFICACION
73;TOLIMA;73563;RIOBLANCO
73;TOLIMA;73585;RONCESVALLES
73;TOLIMA;73616;ROVIRA
73;TOLIMA;73622;SALDAﾃ羨
73;TOLIMA;73624;SAN ANTONIO
73;TOLIMA;73671;SAN LUIS
73;TOLIMA;73675;SANTA ISABEL
73;TOLIMA;73678;SUAREZ
73;TOLIMA;73686;VALLE DE SAN JUAN
73;TOLIMA;73770;VENADILLO
73;TOLIMA;73854;VILLAHERMOSA
73;TOLIMA;73861;VILLARRICA
76;VALLE DEL CAUCA;73870;CALI
76;VALLE DEL CAUCA;73873;ALCALA
76;VALLE DEL CAUCA;76001;ANDALUCIA
76;VALLE DEL CAUCA;76020;ANSERMANUEVO
76;VALLE DEL CAUCA;76036;ARGELIA
76;VALLE DEL CAUCA;76041;BOLIVAR
76;VALLE DEL CAUCA;76054;BUENAVENTURA
76;VALLE DEL CAUCA;76100;GUADALAJARA DE BUGA
76;VALLE DEL CAUCA;76109;BUGALAGRANDE
76;VALLE DEL CAUCA;76111;CAICEDONIA
76;VALLE DEL CAUCA;76113;CALIMA
76;VALLE DEL CAUCA;76122;CANDELARIA
76;VALLE DEL CAUCA;76126;CARTAGO
76;VALLE DEL CAUCA;76130;DAGUA
76;VALLE DEL CAUCA;76147;EL AGUILA
76;VALLE DEL CAUCA;76233;EL CAIRO
76;VALLE DEL CAUCA;76243;EL CERRITO
76;VALLE DEL CAUCA;76246;EL DOVIO
76;VALLE DEL CAUCA;76248;FLORIDA
76;VALLE DEL CAUCA;76250;GINEBRA
76;VALLE DEL CAUCA;76275;GUACARI
76;VALLE DEL CAUCA;76306;JAMUNDI
76;VALLE DEL CAUCA;76318;LA CUMBRE
76;VALLE DEL CAUCA;76364;LA UNION
76;VALLE DEL CAUCA;76377;LA VICTORIA
76;VALLE DEL CAUCA;76400;OBANDO
76;VALLE DEL CAUCA;76403;PALMIRA
76;VALLE DEL CAUCA;76497;PRADERA
76;VALLE DEL CAUCA;76520;RESTREPO
76;VALLE DEL CAUCA;76563;RIOFRIO
76;VALLE DEL CAUCA;76606;ROLDANILLO
76;VALLE DEL CAUCA;76616;SAN PEDRO
76;VALLE DEL CAUCA;76622;SEVILLA
76;VALLE DEL CAUCA;76670;TORO
76;VALLE DEL CAUCA;76736;TRUJILLO
76;VALLE DEL CAUCA;76823;TULUA
76;VALLE DEL CAUCA;76828;ULLOA
76;VALLE DEL CAUCA;76834;VERSALLES
76;VALLE DEL CAUCA;76845;VIJES
76;VALLE DEL CAUCA;76863;YOTOCO
76;VALLE DEL CAUCA;76869;YUMBO
76;VALLE DEL CAUCA;76890;ZARZAL
81;ARAUCA;76892;ARAUCA
81;ARAUCA;76895;ARAUQUITA
81;ARAUCA;81001;CRAVO NORTE
81;ARAUCA;81065;FORTUL
81;ARAUCA;81220;PUERTO RONDON
81;ARAUCA;81300;SARAVENA
81;ARAUCA;81591;TAME
85;CASANARE;81736;YOPAL
85;CASANARE;81794;AGUAZUL
85;CASANARE;85001;CHAMEZA
85;CASANARE;85010;HATO COROZAL
85;CASANARE;85015;LA SALINA
85;CASANARE;85125;MANI
85;CASANARE;85136;MONTERREY
85;CASANARE;85139;NUNCHIA
85;CASANARE;85162;OROCUE
85;CASANARE;85225;PAZ DE ARIPORO
85;CASANARE;85230;PORE
85;CASANARE;85250;RECETOR
85;CASANARE;85263;SABANALARGA
85;CASANARE;85279;SACAMA
85;CASANARE;85300;SAN LUIS DE PALENQUE
85;CASANARE;85315;TAMARA
85;CASANARE;85325;TAURAMENA
85;CASANARE;85400;TRINIDAD
85;CASANARE;85410;VILLANUEVA
86;PUTUMAYO;85430;MOCOA
86;PUTUMAYO;85440;COLON
86;PUTUMAYO;86001;ORITO
86;PUTUMAYO;86219;PUERTO ASIS
86;PUTUMAYO;86320;PUERTO CAICEDO
86;PUTUMAYO;86568;PUERTO GUZMAN
86;PUTUMAYO;86569;LEGUIZAMO
86;PUTUMAYO;86571;SIBUNDOY
86;PUTUMAYO;86573;SAN FRANCISCO
86;PUTUMAYO;86749;SAN MIGUEL
86;PUTUMAYO;86755;SANTIAGO
86;PUTUMAYO;86757;VALLE DEL GUAMUEZ
86;PUTUMAYO;86760;VILLAGARZON
88;SAN ANDRES;86865;SAN ANDRES
88;SAN ANDRES;86885;PROVIDENCIA
91;AMAZONAS;88001;LETICIA
91;AMAZONAS;88564;EL ENCANTO
91;AMAZONAS;91001;LA CHORRERA
91;AMAZONAS;91263;LA PEDRERA
91;AMAZONAS;91405;LA VICTORIA
91;AMAZONAS;91407;MIRITI - PARANA
91;AMAZONAS;91430;PUERTO ALEGRIA
91;AMAZONAS;91460;PUERTO ARICA
91;AMAZONAS;91530;PUERTO NARIﾃ前
91;AMAZONAS;91536;PUERTO SANTANDER
91;AMAZONAS;91540;TARAPACA
94;GUAINIA;91669;INIRIDA
94;GUAINIA;91798;BARRANCO MINAS
94;GUAINIA;94001;MAPIRIPANA
94;GUAINIA;94343;SAN FELIPE
94;GUAINIA;94663;PUERTO COLOMBIA
94;GUAINIA;94883;LA GUADALUPE
94;GUAINIA;94884;CACAHUAL
94;GUAINIA;94885;PANA PANA
94;GUAINIA;94886;MORICHAL
95;GUAVIARE;94887;SAN JOSE DEL GUAVIARE
95;GUAVIARE;94888;CALAMAR
95;GUAVIARE;95001;EL RETORNO
95;GUAVIARE;95015;MIRAFLORES
97;VAUPES;95025;MITU
97;VAUPES;95200;CARURU
97;VAUPES;97001;PACOA
97;VAUPES;97161;TARAIRA
97;VAUPES;97511;PAPUNAUA
97;VAUPES;97666;YAVARATE
99;VICHADA;97777;PUERTO CARREﾃ前
99;VICHADA;97889;LA PRIMAVERA
99;VICHADA;99001;SANTA ROSALIA
99;VICHADA;99524;CUMARIBO
99;VICHADA;99624;SANTA ROSALﾍA
99;VICHADA;99773;CUMARIBO
